<?xml version="1.0" encoding="UTF-8" ?>
<!DOCTYPE configuration
		PUBLIC "-//mybatis.org//DTD SQL Map Config 3.0//EN"
		"http://mybatis.org/dtd/mybatis-3-config.dtd">
<configuration>
	<!-- http://www.mybatis.org/mybatis-3/configuration.html#settings 참고 -->
	<settings>
		<!-- query 결과 컬럼의 값이 null일 경우 result에 null로 setting할지 여무 -->
		<setting name="callSettersOnNulls" value="true" />
		<!-- null parameter 허용 -->
		<setting name="jdbcTypeForNull" value="NULL" />
	</settings>

	<typeAliases>
		<typeAlias alias="ArtDTO" type="com.example.reactpro.art.dto.ArtDTO"/>
		<typeAlias alias="MemberDto" type="com.example.reactpro.member.dto.MemberDto"/>

	</typeAliases>

	<mappers>
		<mapper resource="MemberMapper.xml" />

		<mapper resource="ArtMapper.xml" />

	</mappers>
</configuration>